index,Moderna,Pfizer,Janssen
Muscle Aches,0.28016714793425146,0.2555444917172083,0.4038858530661809
Discomfort at Injection Site,0.40680530875166593,0.11088983434416584,0.12847601700060715
Fever,0.26971346068414037,0.23318548022087446,0.41760777170613234
Fatigue,0.2145713016437139,0.20022027096345915,0.2891317547055252
Headache,0.17849011550422034,0.1731842732566911,0.3135397692774742
Chills,0.16628720568636163,0.14258773120907636,0.28233151183970856
Dizziness,0.10064971123944913,0.14159198575782264,0.2188221007893139
Mental Side Effects,0.06592903154153709,0.07993120304154974,0.12884031572556162
