index,Moderna,Pfizer,Janssen
Muscle Aches,0.24519541025923536,0.20268207073489367,0.3198774313882228
Discomfort at Injection Site,0.40931484425416714,0.09351045913147499,0.10831334932054357
Fever,0.2325405694678356,0.1730439299261801,0.28923527844391156
Fatigue,0.1830072560716478,0.15472274251176554,0.22408739674926725
Headache,0.1606566666142005,0.14126516928210536,0.25273114841460165
Chills,0.14326413045189115,0.10992712448648734,0.21023181454836132
Dizziness,0.08381471046542742,0.10717265043363292,0.14441779909405808
Mental Side Effects,0.05161097382462657,0.05781247540648167,0.09339195310418331
