index,Moderna,Pfizer,Janssen
Muscle Aches,0.3199318305058486,0.30113748438424615,0.47790868924889546
Discomfort at Injection Site,0.5185529475559687,0.12321651653626142,0.15758468335787923
Fever,0.347664420171973,0.3034387533697153,0.6237113402061856
Fatigue,0.2175226586102719,0.21040173581432048,0.3114874815905744
Headache,0.21333953056007438,0.20310342560326122,0.37665684830633284
Chills,0.21109303586644976,0.18653428890788348,0.39727540500736375
Dizziness,0.1576419552250368,0.19876388980209087,0.32621502209131076
Mental Side Effects,0.08265551165853281,0.09823131040831087,0.16237113402061856
