index,Moderna,Pfizer,Janssen
Muscle Aches,0.35951327433628316,0.33989715289100714,0.541241890639481
Discomfort at Injection Site,0.5037740760020822,0.13984698356954722,0.17608897126969417
Fever,0.3185840707964602,0.2766838078514988,0.5060240963855421
Fatigue,0.23646538261322228,0.24024833814122665,0.38693234476367006
Headache,0.22735554398750651,0.23065345541201554,0.422613531047266
Chills,0.20393024466423737,0.1791671892637652,0.35078776645041704
Dizziness,0.12142113482561166,0.15740624608052176,0.23679332715477294
Mental Side Effects,0.07814940135346174,0.08967766210961997,0.14921223354958293
