index,Moderna,Pfizer,Janssen
Muscle Aches,0.18276762402088773,0.29632721202003337,0.12359550561797752
Discomfort at Injection Site,0.29960835509138384,0.15358931552587646,0.03745318352059925
Fever,0.17028394255874674,0.24791318864774625,0.07865168539325842
Fatigue,0.19639360313315926,0.3503060656649972,0.15917602996254682
Headache,0.09505548302872063,0.15247634947134112,0.07865168539325842
Chills,0.1043570496083551,0.15164162493043962,0.04681647940074907
Dizziness,0.06380548302872063,0.14885920979410128,0.054307116104868915
Mental Side Effects,0.057767624020887726,0.13745130773511408,0.08614232209737828
